<?xml version="1.0" encoding="UTF-8"?>
<project-private xmlns="http://www.netbeans.org/ns/project-private/1">
    <editor-bookmarks xmlns="http://www.netbeans.org/ns/editor-bookmarks/2" lastBookmarkId="0"/>
    <open-files xmlns="http://www.netbeans.org/ns/projectui-open-files/2">
        <group>
            <file>file:/C:/Users/winar/OneDrive/Documents/NetBeansProjects/Project_Akhir_Ar'raffiAbqoriNurAzizi/src/BARU_LAGIH_NIH/LOGIN.java</file>
            <file>file:/C:/Users/winar/OneDrive/Documents/NetBeansProjects/Project_Akhir_Ar'raffiAbqoriNurAzizi/src/Manajemen_Pertanian/User_Pertanian1.java</file>
            <file>file:/C:/Users/winar/OneDrive/Documents/NetBeansProjects/Project_Akhir_Ar'raffiAbqoriNurAzizi/src/Manajemen_Pertanian/Admin_Tani1.java</file>
            <file>file:/C:/Users/winar/OneDrive/Documents/NetBeansProjects/Project_Akhir_Ar'raffiAbqoriNurAzizi/test/com/raven/main/User_Pertanian.java</file>
        </group>
    </open-files>
</project-private>
